{"edges": [{"source": "上海神奇制药投资管理股份有限公司", "relation": "高管", "target": "吴克兢", "label": "entity"}, {"source": "上海神奇制药投资管理股份有限公司", "relation": "高管", "target": "吴涛", "label": "entity"}, {"source": "上海神奇制药投资管理股份有限公司", "relation": "高管", "target": "张涛涛", "label": "entity"}, {"source": "上海神奇制药投资管理股份有限公司", "relation": "高管", "target": "徐丹", "label": "entity"}, {"source": "上海神奇制药投资管理股份有限公司", "relation": "高管", "target": "段竞晖", "label": "entity"}, {"source": "上海神奇制药投资管理股份有限公司", "relation": "高管", "target": "涂斌", "label": "entity"}, {"source": "上海神奇制药投资管理股份有限公司", "relation": "高管", "target": "王强", "label": "entity"}], "secondary_edges": [{"source": "吴克兢", "relation": "学历", "target": "硕士及研究生", "label": "attribute"}, {"source": "吴克兢", "relation": "性别", "target": "男", "label": "attribute"}, {"source": "吴克兢", "relation": "生日", "target": "1977", "label": "attribute"}, {"source": "吴涛", "relation": "学历", "target": "本科", "label": "attribute"}, {"source": "吴涛", "relation": "性别", "target": "女", "label": "attribute"}, {"source": "吴涛", "relation": "性别", "target": "男", "label": "attribute"}, {"source": "吴涛", "relation": "生日", "target": "1967", "label": "attribute"}, {"source": "吴涛", "relation": "生日", "target": "1972", "label": "attribute"}, {"source": "张涛涛", "relation": "学历", "target": "本科", "label": "attribute"}, {"source": "张涛涛", "relation": "性别", "target": "男", "label": "attribute"}, {"source": "张涛涛", "relation": "生日", "target": "1980", "label": "attribute"}, {"source": "徐丹", "relation": "学历", "target": "本科", "label": "attribute"}, {"source": "徐丹", "relation": "性别", "target": "女", "label": "attribute"}, {"source": "徐丹", "relation": "生日", "target": "1971", "label": "attribute"}, {"source": "段竞晖", "relation": "学历", "target": "硕士及研究生", "label": "attribute"}, {"source": "段竞晖", "relation": "性别", "target": "男", "label": "attribute"}, {"source": "段竞晖", "relation": "生日", "target": "1967", "label": "attribute"}, {"source": "涂斌", "relation": "学历", "target": "本科", "label": "attribute"}, {"source": "涂斌", "relation": "性别", "target": "男", "label": "attribute"}, {"source": "涂斌", "relation": "生日", "target": "1974", "label": "attribute"}, {"source": "王强", "relation": "学历", "target": "硕士及研究生", "label": "attribute"}, {"source": "王强", "relation": "性别", "target": "男", "label": "attribute"}, {"source": "王强", "relation": "生日", "target": "1970", "label": "attribute"}]}